<?xml version="1.0" encoding="UTF-8" ?>
<XMLDB PATH="mod/feedbackmentoria/db" VERSION="20200325" COMMENT="XMLDB file for Moodle mod_feedbackmentoria"
    xmlns:xsi="http://www.w3.org/2001/XMLSchema-instance"
    xsi:noNamespaceSchemaLocation="../../../lib/xmldb/xmldb.xsd"
>
  <TABLES>
    <TABLE NAME="feedbackmentoria" COMMENT="Stores the feedbackmentoria activity module instances.">
      <FIELDS>
        <FIELD NAME="id" TYPE="int" LENGTH="10" NOTNULL="true" SEQUENCE="true"/>
        <FIELD NAME="course" TYPE="int" LENGTH="10" NOTNULL="true" SEQUENCE="false" COMMENT="ID of the course this activity is part of."/>
        <FIELD NAME="name" TYPE="char" LENGTH="255" NOTNULL="true" SEQUENCE="false" COMMENT="The name of the activity module instance"/>
        <FIELD NAME="timecreated" TYPE="int" LENGTH="10" NOTNULL="true" DEFAULT="0" SEQUENCE="false" COMMENT="Timestamp of when the instance was added to the course."/>
        <FIELD NAME="timemodified" TYPE="int" LENGTH="10" NOTNULL="true" DEFAULT="0" SEQUENCE="false" COMMENT="Timestamp of when the instance was last modified."/>
        <FIELD NAME="intro" TYPE="text" NOTNULL="false" SEQUENCE="false" COMMENT="Activity description."/>
        <FIELD NAME="introformat" TYPE="int" LENGTH="4" NOTNULL="true" DEFAULT="0" SEQUENCE="false" COMMENT="The format of the intro field."/>
      </FIELDS>
      <KEYS>
        <KEY NAME="primary" TYPE="primary" FIELDS="id"/>
        <KEY NAME="fk_course" TYPE="foreign" FIELDS="course" REFTABLE="course" REFFIELDS="id"/>
      </KEYS>
    </TABLE>
    <TABLE NAME="feedbackmentoria_actions" COMMENT="Stores the actions feedbackmentoria.">
      <FIELDS>
        <FIELD NAME="id" TYPE="int" LENGTH="10" NOTNULL="true" SEQUENCE="true"/>
        <FIELD NAME="feedbackmentoria_id" TYPE="int" LENGTH="10" NOTNULL="true" SEQUENCE="false" COMMENT="ID of the feedbackmentoria_actions."/>
        <FIELD NAME="teacher_id" TYPE="int" LENGTH="10" NOTNULL="true" SEQUENCE="false" COMMENT="ID of the teacher."/>
        <FIELD NAME="student_id" TYPE="int" LENGTH="10" NOTNULL="true" SEQUENCE="false" COMMENT="ID of the student."/>
        <FIELD NAME="name" TYPE="char" LENGTH="255" NOTNULL="true" SEQUENCE="false" COMMENT="The name of the activity module instance"/>
        <FIELD NAME="is_checked" TYPE="int" LENGTH="1" NOTNULL="true" SEQUENCE="false" DEFAULT="0" COMMENT="Checked actions"/>
        <FIELD NAME="timecreated" TYPE="int" LENGTH="10" NOTNULL="true" DEFAULT="0" SEQUENCE="false" COMMENT="Timestamp of when the instance was added to the course."/>
        <FIELD NAME="timemodified" TYPE="int" LENGTH="10" NOTNULL="true" DEFAULT="0" SEQUENCE="false" COMMENT="Timestamp of when the instance was last modified."/>        
      </FIELDS>
      <KEYS>
        <KEY NAME="primary" TYPE="primary" FIELDS="id"/>
        <KEY NAME="fk_feedbackmentoria" TYPE="foreign" FIELDS="feedbackmentoria_id" REFTABLE="feedbackmentoria" REFFIELDS="id"/>
        <KEY NAME="fk_student" TYPE="foreign" FIELDS="student_id" REFTABLE="user" REFFIELDS="id"/>
        <KEY NAME="fk_teacher" TYPE="foreign" FIELDS="teacher_id" REFTABLE="user" REFFIELDS="id"/>
      </KEYS>
      <INDEXES>
        <INDEX NAME="unique_feedbackmentoria_actions" UNIQUE="false" FIELDS="feedbackmentoria_id, teacher_id, student_id"/>
      </INDEXES>
    </TABLE>
    <TABLE NAME="feedbackmentoria_comments" COMMENT="Stores the comments feedbackmentoria.">
      <FIELDS>
        <FIELD NAME="id" TYPE="int" LENGTH="10" NOTNULL="true" SEQUENCE="true"/>
        <FIELD NAME="feedbackmentoria_id" TYPE="int" LENGTH="10" NOTNULL="true" SEQUENCE="false" COMMENT="ID of the feedbackmentoria_actions."/>
        <FIELD NAME="teacher_id" TYPE="int" LENGTH="10" NOTNULL="true" SEQUENCE="false" COMMENT="ID of the teacher."/>
        <FIELD NAME="student_id" TYPE="int" LENGTH="10" NOTNULL="true" SEQUENCE="false" COMMENT="ID of the student."/>
        <FIELD NAME="user_send_id" TYPE="int" LENGTH="10" NOTNULL="true" SEQUENCE="false" COMMENT="ID of the user send."/>
        <FIELD NAME="comment" TYPE="text" NOTNULL="false" SEQUENCE="false" COMMENT="Comments users."/>
        <FIELD NAME="timecreated" TYPE="int" LENGTH="10" NOTNULL="true" DEFAULT="0" SEQUENCE="false" COMMENT="Timestamp of when the instance was added to the course."/>
        <FIELD NAME="timemodified" TYPE="int" LENGTH="10" NOTNULL="true" DEFAULT="0" SEQUENCE="false" COMMENT="Timestamp of when the instance was last modified."/>        
      </FIELDS>
      <KEYS>
        <KEY NAME="primary" TYPE="primary" FIELDS="id"/>
        <KEY NAME="fk_feedbackmentoria" TYPE="foreign" FIELDS="feedbackmentoria_id" REFTABLE="feedbackmentoria" REFFIELDS="id"/>
        <KEY NAME="fk_student" TYPE="foreign" FIELDS="student_id" REFTABLE="user" REFFIELDS="id"/>
        <KEY NAME="fk_teacher" TYPE="foreign" FIELDS="teacher_id" REFTABLE="user" REFFIELDS="id"/>
      </KEYS>
      <INDEXES>
        <INDEX NAME="unique_feedbackmentoria_comments" UNIQUE="false" FIELDS="feedbackmentoria_id, teacher_id, student_id"/>
      </INDEXES>
    </TABLE>
  </TABLES>
</XMLDB>